6649 N Blue Gum St,New Orleans,70116
4 B Blue Ridge Blvd,Brighton,48116
8 W Cerritos Ave #54,Bridgeport,8014
639 Main St,Anchorage,99501
34 Center St,Hamilton,45011
3 Mcauley Dr,Ashland,44805
7 Eads St,Chicago,60632
7 W Jackson Blvd,San Jose,95111
5 Boston Ave #88,Sioux Falls,57105
228 Runamuck Pl #2808,Baltimore,21224
2371 Jerrold Ave,Kulpsville,19443
37275 St  Rt 17m M,Middle Island,11953
25 E 75th St #69,Los Angeles,90034
98 Connecticut Ave Nw,Chagrin Falls,44023
56 E Morehead St,Laredo,78045
73 State Road 434 E,Phoenix,85013
69734 E Carrillo St,Mc Minnville,37110
322 New Horizon Blvd,Milwaukee,53207
1 State Route 27,Taylor,48180
394 Manchester Blvd,Rockford,61109
6 S 33rd St,Aston,19014
6 Greenleaf Ave,San Jose,95111
618 W Yakima Ave,Irving,75062
74 S Westgate St,Albany,12204
3273 State St,Middlesex,8846
1 Central Ave,Stevens Point,54481
86 Nw 66th St #8673,Shawnee,66218
2 Cedar Ave #84,Easton,21601
90991 Thorburn Ave,New York,10011
386 9th Ave N,Conroe,77301
74874 Atlantic Ave,Columbus,43215
366 South Dr,Las Cruces,88011
45 E Liberty St,Ridgefield Park,7660
4 Ralph Ct,Dunellen,8812
2742 Distribution Way,New York,10025
426 Wolf St,Metairie,70002
128 Bransten Rd,New York,10011
17 Morena Blvd,Camarillo,93012
775 W 17th St,San Antonio,78204
6980 Dorsett Rd,Abilene,67410
2881 Lewis Rd,Prineville,97754
7219 Woodfield Rd,Overland Park,66204
1048 Main St,Fairbanks,99708
678 3rd Ave,Miami,33196
20 S Babcock St,Fairbanks,99712
2 Lighthouse Ave,Hopkins,55343
38938 Park Blvd,Boston,2128
5 Tomahawk Dr,Los Angeles,90006
762 S Main St,Madison,53711
209 Decker Dr,Philadelphia,19132
4486 W O St #1,New York,10003
39 S 7th St,Tullahoma,37388
98839 Hawthorne Blvd #6101,Columbia,29201
71 San Mateo Ave,Wayne,19087
76 Brooks St #9,Flemington,8822
4545 Courthouse Rd,Westbury,11590
14288 Foster Ave #4121,Jenkintown,19046
4 Otis St,Van Nuys,91405
65895 S 16th St,Providence,2909
14302 Pennsylvania Ave,Huntingdon Valley,19006
201 Hawk Ct,Providence,2904
53075 Sw 152nd Ter #615,Monroe Township,8831
59 N Groesbeck Hwy,Austin,78731
2664 Lewis Rd,Littleton,80126
59 Shady Ln #53,Milwaukee,53214
3305 Nabell Ave #679,New York,10009
18 Fountain St,Anchorage,99515
7 W 32nd St,Erie,16502
2853 S Central Expy,Glen Burnie,21061
74 W College St,Boise,83707
701 S Harrison Rd,San Francisco,94104
1088 Pinehurst St,Chapel Hill,27514
30 W 80th St #1995,San Carlos,94070
20932 Hedley St,Concord,94520
2737 Pistorio Rd #9230,London,43140
74989 Brandon St,Wellsville,14895
6 Kains Ave,Baltimore,21215
47565 W Grand Ave,Newark,7105
4284 Dorigo Ln,Chicago,60647
6794 Lake Dr E,Newark,7104
31 Douglas Blvd #950,Clovis,88101
44 W 4th St,Staten Island,10309
11279 Loytan St,Jacksonville,32254
69 Marquette Ave,Hayward,94545
70 W Main St,Beachwood,44122
461 Prospect Pl #316,Euless,76040
47154 Whipple Ave Nw,Gardena,90247
37 Alabama Ave,Evanston,60201
3777 E Richmond St #900,Akron,44302
3 Fort Worth Ave,Philadelphia,19106
4800 Black Horse Pike,Burlingame,94010
83649 W Belmont Ave,San Gabriel,91776
840 15th Ave,Waco,76708
1747 Calle Amanecer #2,Anchorage,99501
99385 Charity St #840,San Jose,95110
68556 Central Hwy,San Leandro,94577
55 Riverside Ave,Indianapolis,46202
7140 University Ave,Rock Springs,82901
64 5th Ave #1153,Mc Lean,22102
3 Secor Rd,New Orleans,70112
4 Webbs Chapel Rd,Boulder,80303
524 Louisiana Ave Nw,San Leandro,94577
185 Blackstone Bldge,Honolulu,96817
170 Wyoming Ave,Burnsville,55337
4 10th St W,High Point,27263
7 W Pinhook Rd,Lynbrook,11563
1 Commerce Way,Portland,97224
64 Lakeview Ave,Beloit,53511
3 Aspen St,Worcester,1602
32860 Sierra Rd,Miami,33133
555 Main St,Erie,16502
2 Se 3rd Ave,Mesquite,75149
2239 Shawnee Mission Pky,Tullahoma,37388
2726 Charcot Ave,Paterson,7501
5161 Dorsett Rd,Homestead,33030
55892 Jacksonville Rd,Owings Mills,21117
5 N Cleveland Massillon Rd,Thousand Oaks,91362
7 Benton Dr,Honolulu,96819
9390 S Howell Ave,Albany,31701
8 County Center Dr #647,Boston,2210
4646 Kaahumanu St,Hackensack,7601
2 Monroe St,San Mateo,94403
52777 Leaders Heights Rd,Ontario,91761
72868 Blackington Ave,Oakland,94606
9 Norristown Rd,Troy,12180
83 County Road 437 #8581,Clarks Summit,18411
1 N Harlem Ave #9,Orange,7050
90131 J St,Pittstown,8867
8597 W National Ave,Cocoa,32922
6 Gilson St,Bronx,10468
65 W Maple Ave,Pearl City,96782
866 34th Ave,Denver,80231
798 Lund Farm Way,Rockaway,7866
9387 Charcot Ave,Absecon,8201
30553 Washington Rd,Plainfield,7062
481 W Lemon St,Middleboro,2346
4 Warehouse Point Rd #7,Chicago,60638
4940 Pulaski Park Dr,Portland,97202
627 Walford Ave,Dallas,75227
137 Pioneer Way,Chicago,60604
61 13 Stoneridge #835,Findlay,45840
2409 Alabama Rd,Riverside,92501
8927 Vandever Ave,Waco,76707
134 Lewis Rd,Nashville,37211
9 N College Ave #3,Milwaukee,53216
60480 Old Us Highway 51,Preston,21655
4 Bloomfield Ave,Irving,75061
429 Tiger Ln,Beverly Hills,90212
54169 N Main St,Massapequa,11758
92 Main St,Atlantic City,8401
72 Mannix Dr,Cincinnati,45203
12270 Caton Center Dr,Eugene,97401
749 W 18th St #45,Smithfield,27577
8 Industry Ln,New York,10002
1 Huntwood Ave,Phoenix,85017
55262 N French Rd,Indianapolis,46240
422 E 21st St,Syracuse,13214
501 N 19th Ave,Cherry Hill,8002
455 N Main Ave,Garden City,11530
1844 Southern Blvd,Little Rock,72202
2023 Greg St,Saint Paul,55101
63381 Jenks Ave,Philadelphia,19134
6651 Municipal Rd,Houma,70360
81 Norris Ave #525,Ronkonkoma,11779
6916 W Main St,Sacramento,95827
9635 S Main St,Boise,83704
17 Us Highway 111,Round Rock,78664
992 Civic Center Dr,Philadelphia,19123
303 N Radcliffe St,Hilo,96720
73 Saint Ann St #86,Reno,89502
44 58th St,Wheeling,60090
9745 W Main St,Randolph,7869
84 Bloomfield Ave,Spartanburg,29301
287 Youngstown Warren Rd,Hampstead,21074
6 Van Buren St,Mount Vernon,10553
229 N Forty Driv,New York,10011
2887 Knowlton St #5435,Berkeley,94710
523 Marquette Ave,Concord,1742
3717 Hamann Industrial Pky,San Francisco,94104
3 State Route 35 S,Paramus,7652
82 N Highway 67,Oakley,94561
9 Murfreesboro Rd,Chicago,60623
6 S Broadway St,Cedar Grove,7009
6 Harry L Dr #6327,Perrysburg,43551
47939 Porter Ave,Gardena,90248
9 Wales Rd Ne #914,Homosassa,34448
195 13n N,Santa Clara,95054
99 Tank Farm Rd,Hazleton,18201
4671 Alemany Blvd,Jersey City,7304
98 University Dr,San Ramon,94583
50 E Wacker Dr,Bridgewater,8807
70 Euclid Ave #722,Bohemia,11716
326 E Main St #6496,Thousand Oaks,91362
406 Main St,Somerville,8876
3 Elmwood Dr,Beaverton,97005
9 Church St,Salem,97302
9939 N 14th St,Riverton,8077
5384 Southwyck Blvd,Douglasville,30135
97 Airport Loop Dr,Jacksonville,32216
37855 Nolan Rd,Bangor,4401
4252 N Washington Ave #9,Kennedale,76060
42754 S Ash Ave,Buffalo,14228
703 Beville Rd,Opa Locka,33054
5 Harrison Rd,New York,10038
73 Southern Blvd,Philadelphia,19103
189 Village Park Rd,Crestview,32536
6 Middlegate Rd #106,San Francisco,94107
1128 Delaware St,San Jose,95132
577 Parade St,South San Francisco,94080
70 Mechanic St,Northridge,91325
4379 Highway 116,Philadelphia,19103
55 Hawthorne Blvd,Lafayette,70506
7116 Western Ave,Dearborn,48126
2026 N Plankinton Ave #3,Austin,78754
99586 Main St,Dallas,75207
8739 Hudson St,Vashon,98070
383 Gunderman Rd #197,Coatesville,19320
4441 Point Term Mkt,Philadelphia,19143
2972 Lafayette Ave,Gardena,90248
2140 Diamond Blvd,Rohnert Park,94928
93 Redmond Rd #492,Orlando,32803
3989 Portage Tr,Escondido,92025
1 Midway Rd,Westborough,1581
77132 Coon Rapids Blvd Nw,Conroe,77301
755 Harbor Way,Milwaukee,53226
87 Sierra Rd,El Monte,91731
7667 S Hulen St #42,Yonkers,10701
75684 S Withlapopka Dr #32,Dallas,75227
5 Elmwood Park Blvd,Biloxi,39530
23 Palo Alto Sq,Miami,33134
38062 E Main St,New York,10048
3958 S Dupont Hwy #7,Ramsey,7446
560 Civic Center Dr,Ann Arbor,48103
3270 Dequindre Rd,Deer Park,11729
1 Garfield Ave #7,Canton,44707
9122 Carpenter Ave,New Haven,6511
48 Lenox St,Fairfax,22030
5 Little River Tpke,Wilmington,1887
3 N Groesbeck Hwy,Toledo,43613
37 N Elm St #916,Tacoma,98409
433 Westminster Blvd #590,Roseville,95661
66697 Park Pl #3224,Riverton,82501
96263 Greenwood Pl,Warren,4864
8 Mcarthur Ln,Richboro,18954
8 Fair Lawn Ave,Tampa,33614
9 N 14th St,El Cajon,92020
9 Vanowen St,College Station,77840
18 Waterloo Geneva Rd,Highland Park,60035
506 S Hacienda Dr,Atlantic City,8401
3732 Sherman Ave,Bridgewater,8807
14 Taylor St,St. Stephens Ward,CT2 7PP
5 Binney St,Abbey Ward,HP11 2AX
8 Moor Place,East Southbourne and Tuckton W,BH6 3BE
505 Exeter Rd,Hawerby cum Beesby,DN36 5RP
5396 Forth Street,Greets Green and Lyng Ward,B70 9DT
9472 Lind St,Desborough,NN14 2GH
7457 Cowl St #70,Bargate Ward,SO14 3TY
20 Gloucester Pl #96,Chirton Ward,NE29 7AD
929 Augustine St,Staple Hill Ward,BS16 4LL
45 Bradfield St #166,Parwich,DE6 1QN
620 Northampton St,Wilmington,DA2 7PP
5 Hygeia St,Loundsley Green Ward,S40 4LY
2150 Morley St,Dee Ward,DG8 7DE
24 Bolton St,"Broxburn, Uphall and Winchburg",EH52 5TL
4 Forrest St,Weston-Super-Mare,BS23 3HG
89 Noon St,Carbrooke,IP25 6JQ
99 Guthrie St,New Milton,BH25 5DF
7 Richmond St,Parkham,EX39 5DJ
9165 Primrose St,Darnall Ward,S4 7WN
9 Pengwern St,Marldon,TQ3 1SA
4410 Tarlton St,Prestatyn Community,LL19 9EG
6949 Bourne St,Lye and Stourbridge North Ward,DY5 2QP
148 Rembrandt St,Warlingham,CR6 9SW
2200 Nelson St #58,Newport,PO30 5AL
61 Rossett St,Chichester,PO19 1RH
41 Canning St,Steornabhagh a Deas Ward,HS1 2PZ
8289 Cadogan St,South Ward,DN33 1AU
211 Hobart St,Newquay,TR7 1LS
114 Falkland St #8845,Brimpton,RG7 4RF
1 Birkett St,Shard End Ward,B33 0NH
5147 Blackstone St,Letchworth South West Ward,SG6 3LE
7 Shenstone St,Longhill Ward,HU8 9PZ
129 Alexander Pope St,Franche Ward,DY11 9BW
2 Birchfield Rd,Whittington,SY11 4PH
7523 Kempton Rd,Cockerton West Ward,DL3 0JF
6305 Elstow St,Castle Ward,BN12 6PR
218 Greenbank Drive,Devizes,SN10 3DU
8921 Forge St,Colnbrook with Poyle,SL3 0PY
3060 St Ambrose Grove #261,Aldridge Central and South War,WS9 8UR
8388 Bessemer St #5,East Putney Ward,SW15 2RP
87 Pownall Sq,Sawston,CB22 3BB
39 Wye St,Wakefield North Ward,WF1 1DR
2732 Bostock St #1,St. Enoder,TR9 6NJ
5562 Fairfield St #847,Ryde,PO33 1HH
37 Meadow St,Laindon Park Ward,SS15 6LE
3 Nevison St,Lymington and Pennington,SO41 1DL
5662 William Moult St,Aylesbury,HP21 8PP
3 North View #35,Burmantofts and Richmond Hill ,LS9 7JH
135 Opie St,Howard Town Ward,SK13 8BB
1 Askew St,Farnham,GU9 9AS
4 Burnall St,Beeston West Ward,NG9 1AE
95 Denton St,Wollaton West Ward,NG8 2NB
5 Chadwick St #7,Llangeler Community,SA44 5HF
67 Micawber St,Brockley Ward,SE14 6RQ
43 Williamson St #7995,Meads Ward,BN20 7HB
5 Howe St,"Broxburn, Uphall and Winchburg",EH52 6NF
7 Cheapside #9,St. Ive,PL14 5PA
85 Bridgewater St,Shard End Ward,B34 7BP
763 Parkfield Rd,Norton Canes,WS11 9RH
662 Grove Park,Bulwell Ward,NG6 8RG
5410 Lawton St,Treorchy Community,CF42 6PL
3 August Rd,Maybury and Sheerwater Ward,GU21 5QL
476 Starkie St,Westgate Ward,GL1 1QW
6448 Tillard St,Conisbrough and Denaby Ward,DN12 4JF
3055 Creswick St,Newbold and Brownsover Ward,CV21 1LN
7 Jolliffe St,Middlewich,CW10 9GB
1175 Greig St,St. Marys Ward,M25 0ZN
636 Portland Place,Gresham Ward,TS1 4RG
41 Benedict St,Aldborough Ward,IG2 7QG
62 Margaret St,Royal Hospital Ward,SW3 4ND
5152 Sophia St,Woodstock Ward,BS15 8DS
1 Back Canning St,Dunblane and Bridge of Allan W,FK9 4LD
9 Gradwell St,Kempshott Ward,RG22 5HA
9205 Upper Hill St,City and Hunslet Ward,LS1 5QE
9 Horatio St,Ruckinge,TN26 2PN
61 Miriam St,Abbey Road Ward,NW8 9BD
67 Pulford St,Prittlewell Ward,SS2 6NL
821 Pembroke Place,Kirkby Stephen,CA17 4RZ
3 Alder St,Eaton Park Ward,ST2 9AW
80 Morecambe St,Bishop Auckland,DL14 6NG
7866 Renshaw St #283,Falmouth,TR11 4QQ
658 Lake St,Malmesbury,SN16 0XZ
5382 Redfern St,West End Ward,W1J 0QH
45 Bidder St #38,Town Ward,EN1 3HT
6766 Britton St #379,Crompton Ward,BL1 3EX
7 Lear Rd,Stroud,GU32 3PQ
2577 Toxteth St #5,Overton Ward,BB6 7UN
761 Cockerell St #1,Midway Ward,DE11 0HE
9 Cypress St,Washington East Ward,NE38 9AQ
6 Romilly St,Walkergate Ward,NE6 4YH
51 St Anne St #12,Stratfield Mortimer,RG7 3RA
823 Idris St,Selston,NG16 5LG
8764 Nickleby St #877,Govan Ward,G51 1BQ
5344 Bengel St #5,Millwall Ward,E14 5DR
8880 Great Howard St #7750,Sefton,L29 7WD
9 Oakleigh,Lancing,BN15 9BN
83 Denbigh St Bootle,St. Gluvias,TR3 7AZ
30 Aughton St,Hilton,AB24 2RR
260 Saxon St,Brooklands Ward,M33 4BP
3 Pyramid St,Eccleston Ward,WA10 3BW
37 Langham St #948,St. Georges Hill Ward,KT13 0AZ
94 Villars St,Launcells,EX23 9LG
73 Hawkstone St,Renfrew South & Gallowhill War,G52 4YG
123 Sussex St,Astley Bridge Ward,BL1 6PY
484 Barry St,Shiney Row Ward,DH4 7RG
7033 Micawber St,Bintree,NR20 5NQ
33 Vipond St,Woodhall Farm Ward,HP2 7JP
85 Hero St,Stanhope,DL13 2TZ
77 Reading St #8,North Tawton,EX20 2TR
274 Altcar Ave,Catterick,DL10 7NU
38 Avondale Rd #79,Kilmersdon,BA3 5SJ
4679 Curzon St,Central Ward,BB5 0SJ
13 Nelson Rd,Filwood Ward,BS4 1HT
2546 Hunter St,Central Buchan Ward,AB53 6YD
77 Mason St #650,Smallbridge and Firgrove Ward,OL16 3AW
94 Wakefield St,Lavenham,CO10 9PU
529 Stalmine Rd #3680,Saffron Walden,CB11 4DJ
52 Morningside Rd #1,Cilybebyll Community,SA8 3HE
94 Enid St,Birchington,CT7 9BG
661 Great Crosshall St,Forth Ward,EH5 2LR
227 Albert Terrace,Belvedere Ward,DA17 6EF
464 Back Nile St #618,Acton Central Ward,W3 6QJ
42 Eastwood St,Walton Ward,PE4 6HB
2877 Grain St,Caversham Ward,RG4 5DE
13 Stockdale St #779,Abingdon on Thames,OX14 5QH
9 Cropper St,Northgate Ward,RH10 1YJ
3 Gaskell St,Tynemouth Ward,NE30 2NB
5221 Royston St,Eccleshall,ST21 6GA
83 St Johns Lane #43,Linlithgow Ward,EH49 7LS
603 Pall Mall,Layton Ward,FY3 8ND
76 Dawber St #6,Blackheath Westcombe Ward,SE3 7JY
3380 Alexander St,Moulsham and Central Ward,CM1 9QQ
216 Lissant St #8,Great Dunmow,CM6 1DQ
92 Phythian St #614,Gweek,TR11 5RR
792 Queens Rd,Stretford Ward,M32 8LR
5196 York St,Orsett Ward,SS17 8NS
428 Kearsley St,Hatton,CV35 7UA
8 Chestnut St,Barrowford,BB9 6EW
998 Roe St #6,Bellingham,NE48 2BX
3 Copenhagen Rd,George St,AB25 3UZ
293 Vivian St,South Jesmond Ward,NE2 1EY
8 Barlow St #6,Barlow,S18 7TH
5 Shakspeare St #66,St. Johns Ward,B61 8HD
7 Carolina St,Bodmin,PL31 1QF
52 Trowbridge St,Knightsbridge and Belgravia Wa,SW1X 9HB
25 Village St,Elgin City South Ward,IV30 1SB
4 Peach St #5112,Halstead,TN14 7EF
3614 Old Hall St #604,Fawley,SO45 2PT
3768 Hey Green Rd,Hartshill,CV10 0TH
97 Newlands St,Kensington and Fairfield Ward,L6 9DU
6226 Maitland St,West Bromwich Central Ward,B70 6DR
891 Crocus St,Rowley Ward,B65 8EZ
1 Segrave St,Sutton Trinity Ward,B75 6HJ
666 Moor Place,Shepway South Ward,ME15 8ST
1554 Christopher St,Everton Ward,L6 1BG
55 Margaret Rd,Heaton Ward,BD9 4DA
8830 Antonio St,Gillingham North Ward,ME7 1DZ
82 Sinclair St,Bangor Community,LL57 1DW
7568 Atlas St,Butterwick,PE22 0HY
93 Clyde Rd #9,Deepdale Ward,PR1 6TN
18 Nimrod St,Walney North Ward,LA14 3SJ
6 Cannock St,Scarcroft,LS14 3BW
2258 Benedict St,Penryn,TR10 8RP
9302 Ismay St #6,Tenterden,TN30 6JP
3347 Lawrence Rd #456,Haverstock Ward,NW5 4EU
47 Elwy St,Kilpatrick Ward,G81 6RT
553 Picton Rd,Astley Mosley Common Ward,M29 7AA
9986 Cantsfield St,St. Peters Ward,SR6 9SD
1 Sussex St,Cyfarthfa Community,CF48 1AR
9548 Ogwen St #84,Baguley Ward,M23 9GB
57 St Georges Hill,Crawcrook and Greenside Ward,NE40 4LJ
385 Upper Hampton St #39,Southey Ward,S5 8LL
6378 Lyell St #48,Trossachs and Teith Ward,FK21 8TJ
675 Falstaff St #170,Chapel-en-le-Frith,SK23 0QG
87 Pelops St,Kings Norton Ward,B38 8PL
5 Eyes St,Mid and Upper Nithsdale Ward,DG4 6LF
2427 Olney St #7,Amersham,HP6 6JH
805 Westbank Rd,North Heywood Ward,OL10 2DU
36 Cranmer St #4697,Little Hereford,SY8 4LE
2 Kirkdale Rd,Canning Town North Ward,E16 4NF
4687 Atherton St,Springfield Ward,B11 4HB
513 Bailey St,Bontnewydd Community,LL54 7UP
620 Old Leeds St,Sheviock,PL11 3DF
5149 Maria Rd,Peterlee,SR8 5RL
8 Taylor St,Shrub End Ward,CO2 9LW
588 Venmore St,Twickenham Riverside Ward,TW1 2QH
1 Newby St,Coleshill,B46 3LZ
5588 Lake St #903,Crystal Palace Ward,SE19 2TJ
9112 Hardwick St,Bowes,DL12 9JB
2395 Gloucester Pl,Halliwell Ward,BL1 6DS
341 Birchfield St,Wareham St. Martin,BH16 6JJ
9854 Ranelagh Place,Finedon,NN9 5EN
8 Nova Scotia,Caerphilly Community,CF83 3AF
72 Lime Place,Old Newton with Dagworth,IP14 4HG
907 Denman St,Crowle and Ealand,DN17 4EN
5 Garfield St #9,Milton Regis Ward,ME10 2EJ
345 Feltwell Rd,St. Michaels and Wicksteed War,NN15 6BB
1 Towson St,Howe of Fife and Tay Coast War,KY14 6AH
4 Candia St #6,Shipston on Stour,CV36 4HE
2 Cherry Lane,Strood South Ward,ME2 2NJ
7 Britannia Ave #875,Newton-with-Clifton,PR4 3RQ
63 Brunswick Sq,Llanelli Rural Community,SA15 5YN
5 Gainsborough Rd,Newington Ward,SE1 6EH
745 Goodall St #9309,Much Wenlock,TF13 6HB
1267 Alderson Rd,Churchdown,GL3 2BA
2 Gay St #3702,Werrington South Ward,PE7 2QA
3409 Benns Gardens,Hollington Ward,TN38 9NE
1 Lower Burlington St,Northfleet South Ward,DA11 8RN
4706 Chapel Place #5993,Steyning,BN44 3DF
4 Mather St,Holbrook Ward,CV6 4BN
9960 Gilroy Rd,Woodhouse Ward,N12 9JT
3 Burnall St,Keighley,BD20 6DA
8 Bigham Rd,Deal,CT14 9QJ
950 Gordon St,Heanor and Loscoe,DE75 7FZ
784 Juno St #7653,North Horsham,RH12 4GW
69 Chantrey St #90,Hickling,NR12 0YB
4 Northbrook St #600,Edmonton Green Ward,N18 2NF
526 Liffey St #759,Westbury,BA13 3QU
6301 Dorset Rd,Harefield Ward,UB9 6LF
4 Summer Seat Bootle,Moulsecoomb and Bevendean Ward,BN2 4TL
84 Walton Village,Horfield Ward,BS7 0AX
8 Tagus St #9814,Cleator Moor,CA25 5EF
770 Jamaica St,Penmaenmawr Community,LL34 6BH
11 Tetlow St,Parsons Green and Walham Ward,SW6 4QP
7642 Ledward St,Cressington Ward,L19 0LN
1432 Rutland Ave,Uckfield,TN22 9EF
22 Harewood St #95,Acton Trussell and Bednall,ST17 0RU
645 Lister Drive,Denwick,NE66 2LQ
8977 Old Leeds St #87,Beaminster,DT8 3DR
22 Delamore St,Hereford,HR1 2EA
35 Walton Lane,Loughborough Ashby Ward,LE11 4PF
22 Kilshaw St,Wimbledon Park Ward,SW19 7DT
1 Argyle St,Hyde Werneth Ward,SK14 5AR
3 Garden Lane,Darton West Ward,S75 5JY
4309 Chisenhale St,Rock,DY14 9XQ
758 Woodhouse St,Soho Ward,B21 0UE
18 Ouse St,Oakridge and Castlefield Ward,HP11 2PJ
5 Ruskin St,Irvine East Ward,KA11 2BP
4565 Blackstock St,Springfields and Trent Vale Wa,ST4 5BW
8361 Cottenham St,Fawley,SO45 1QQ
1267 Audley St,Ise Lodge Ward,NN15 5DB
845 Atherton St,Tatsfield,TN16 2AR
150 Margaret Rd,Kings Hill,ME19 4DT
9923 Dinorben St #4838,Childs Hill Ward,NW11 8DY
186 Craven St #68,Little Ness,SY4 2JX
5160 High St #38,Goldsmid Ward,BN3 6EA
3833 Sidney Rd,Cherryfield Ward,L32 3XS
6267 Greenland St,Wakefield East Ward,WF1 4LW
14 Landseer Rd,Nith Ward,DG1 9SY
15 Taylor St,St. Stephens Ward,CT2 7PP
